Model,TBS2102B
Firmware Version,v1.31.14

Point Format,Y,
Horizontal Units,S,
Horizontal Scale,0.002,
Sample Interval,1.6e-05,
Filter Frequency,2e+08,
Record Length,2000,
Gating,0.0% to 100.0%,0.0% to 100.0%
Probe Attenuation,1,1
Vertical Units,V,V
Vertical Offset,0,0
Vertical Scale,1,0.5
Label,,
TIME,CH1,CH2
-1.600e-02,2.4,0.06
-1.598e-02,2.4,-0.04
-1.597e-02,2.44,-0.14
-1.595e-02,2.44,-0.28
-1.594e-02,2.44,-0.38
-1.592e-02,2.44,-0.48
-1.590e-02,2.44,-0.6
-1.589e-02,2.4,-0.7
-1.587e-02,2.36,-0.82
-1.586e-02,2.28,-0.92
-1.584e-02,2.24,-1
-1.582e-02,2.08,-1.1
-1.581e-02,1.84,-1.16
-1.579e-02,1.6,-1.24
-1.578e-02,1.2,-1.3
-1.576e-02,0.84,-1.34
-1.574e-02,0.4,-1.36
-1.573e-02,-0.12,-1.36
-1.571e-02,-0.52,-1.36
-1.570e-02,-0.88,-1.32
-1.568e-02,-1.08,-1.26
-1.566e-02,-1.16,-1.22
-1.565e-02,-1.12,-1.18
-1.563e-02,-0.92,-1.14
-1.562e-02,-0.56,-1.1
-1.560e-02,-0.16,-1.06
-1.558e-02,0.28,-1.04
-1.557e-02,0.72,-1.04
-1.555e-02,1.16,-1.06
-1.554e-02,1.56,-1.06
-1.552e-02,1.88,-1.08
-1.550e-02,2.08,-1.08
-1.549e-02,2.24,-1.1
-1.547e-02,2.24,-1.1
-1.546e-02,2.12,-1.1
-1.544e-02,1.88,-1.08
-1.542e-02,1.52,-1.02
-1.541e-02,1.16,-0.96
-1.539e-02,0.76,-0.9
-1.538e-02,0.32,-0.8
-1.536e-02,-0.12,-0.68
-1.534e-02,-0.48,-0.56
-1.533e-02,-0.8,-0.42
-1.531e-02,-1.08,-0.28
-1.530e-02,-1.28,-0.14
-1.528e-02,-1.4,0
-1.526e-02,-1.48,0.14
-1.525e-02,-1.56,0.28
-1.523e-02,-1.56,0.4
-1.522e-02,-1.56,0.52
-1.520e-02,-1.52,0.64
-1.518e-02,-1.52,0.74
-1.517e-02,-1.44,0.84
-1.515e-02,-1.32,0.92
-1.514e-02,-1.24,1
-1.512e-02,-1.08,1.06
-1.510e-02,-0.8,1.1
-1.509e-02,-0.56,1.12
-1.507e-02,-0.2,1.12
-1.506e-02,0.24,1.12
-1.504e-02,0.64,1.08
-1.502e-02,1.08,1.04
-1.501e-02,1.52,0.98
-1.499e-02,1.8,0.88
-1.498e-02,2.04,0.8
-1.496e-02,2.2,0.68
-1.494e-02,2.28,0.58
-1.493e-02,2.28,0.48
-1.491e-02,2.16,0.36
-1.490e-02,2.12,0.24
-1.488e-02,1.92,0.14
-1.486e-02,1.72,0.06
-1.485e-02,1.6,-0.04
-1.483e-02,1.52,-0.14
-1.482e-02,1.4,-0.22
-1.480e-02,1.36,-0.32
-1.478e-02,1.36,-0.42
-1.477e-02,1.4,-0.5
-1.475e-02,1.44,-0.58
-1.474e-02,1.52,-0.68
-1.472e-02,1.68,-0.78
-1.470e-02,1.84,-0.88
-1.469e-02,2,-0.96
-1.467e-02,2.12,-1.06
-1.466e-02,2.2,-1.14
-1.464e-02,2.28,-1.24
-1.462e-02,2.2,-1.32
-1.461e-02,2.04,-1.4
-1.459e-02,1.76,-1.46
-1.458e-02,1.44,-1.5
-1.456e-02,0.96,-1.52
-1.454e-02,0.48,-1.52
-1.453e-02,-0.04,-1.5
-1.451e-02,-0.48,-1.46
-1.450e-02,-0.8,-1.4
-1.448e-02,-1.04,-1.32
-1.446e-02,-1.08,-1.24
-1.445e-02,-0.96,-1.18
-1.443e-02,-0.68,-1.1
-1.442e-02,-0.24,-1.04
-1.440e-02,0.16,-0.98
-1.438e-02,0.6,-0.94
-1.437e-02,1.08,-0.9
-1.435e-02,1.48,-0.88
-1.434e-02,1.8,-0.88
-1.432e-02,2.08,-0.86
-1.430e-02,2.28,-0.84
-1.429e-02,2.32,-0.82
-1.427e-02,2.32,-0.82
-1.426e-02,2.2,-0.78
-1.424e-02,1.96,-0.72
-1.422e-02,1.76,-0.68
-1.421e-02,1.48,-0.62
-1.419e-02,1.2,-0.54
-1.418e-02,0.84,-0.44
-1.416e-02,0.56,-0.36
-1.414e-02,0.28,-0.24
-1.413e-02,0,-0.14
-1.411e-02,-0.2,-0.04
-1.410e-02,-0.4,0.08
-1.408e-02,-0.52,0.18
-1.406e-02,-0.64,0.28
-1.405e-02,-0.64,0.38
-1.403e-02,-0.6,0.48
-1.402e-02,-0.56,0.54
-1.400e-02,-0.52,0.62
-1.398e-02,-0.32,0.68
-1.397e-02,-0.16,0.72
-1.395e-02,0.04,0.74
-1.394e-02,0.36,0.74
-1.392e-02,0.64,0.74
-1.390e-02,0.88,0.7
-1.389e-02,1.16,0.66
-1.387e-02,1.48,0.6
-1.386e-02,1.76,0.54
-1.384e-02,1.92,0.46
-1.382e-02,2.12,0.36
-1.381e-02,2.28,0.26
-1.379e-02,2.32,0.16
-1.378e-02,2.4,0.06
-1.376e-02,2.44,-0.04
-1.374e-02,2.44,-0.16
-1.373e-02,2.44,-0.28
-1.371e-02,2.48,-0.38
-1.370e-02,2.44,-0.5
-1.368e-02,2.48,-0.6
-1.366e-02,2.4,-0.72
-1.365e-02,2.36,-0.82
-1.363e-02,2.32,-0.92
-1.362e-02,2.2,-1.02
-1.360e-02,2.04,-1.12
-1.358e-02,1.8,-1.18
-1.357e-02,1.52,-1.24
-1.355e-02,1.16,-1.32
-1.354e-02,0.76,-1.34
-1.352e-02,0.32,-1.36
-1.350e-02,-0.16,-1.36
-1.349e-02,-0.56,-1.34
-1.347e-02,-0.88,-1.3
-1.346e-02,-1.08,-1.26
-1.344e-02,-1.2,-1.22
-1.342e-02,-1.12,-1.16
-1.341e-02,-0.88,-1.12
-1.339e-02,-0.56,-1.1
-1.338e-02,-0.16,-1.08
-1.336e-02,0.28,-1.06
-1.334e-02,0.76,-1.06
-1.333e-02,1.24,-1.06
-1.331e-02,1.64,-1.06
-1.330e-02,1.92,-1.06
-1.328e-02,2.12,-1.08
-1.326e-02,2.28,-1.1
-1.325e-02,2.2,-1.1
-1.323e-02,2.08,-1.08
-1.322e-02,1.84,-1.06
-1.320e-02,1.56,-1.02
-1.318e-02,1.16,-0.96
-1.317e-02,0.68,-0.88
-1.315e-02,0.24,-0.8
-1.314e-02,-0.16,-0.68
-1.312e-02,-0.56,-0.54
-1.310e-02,-0.84,-0.4
-1.309e-02,-1.12,-0.26
-1.307e-02,-1.32,-0.12
-1.306e-02,-1.44,0
-1.304e-02,-1.52,0.16
-1.302e-02,-1.56,0.3
-1.301e-02,-1.56,0.42
-1.299e-02,-1.56,0.54
-1.298e-02,-1.56,0.66
-1.296e-02,-1.52,0.76
-1.294e-02,-1.44,0.84
-1.293e-02,-1.36,0.92
-1.291e-02,-1.24,1
-1.290e-02,-1.04,1.04
-1.288e-02,-0.8,1.1
-1.286e-02,-0.52,1.12
-1.285e-02,-0.08,1.12
-1.283e-02,0.28,1.12
-1.282e-02,0.68,1.1
-1.280e-02,1.16,1.02
-1.278e-02,1.52,0.96
-1.277e-02,1.8,0.88
-1.275e-02,2.08,0.78
-1.274e-02,2.24,0.68
-1.272e-02,2.28,0.58
-1.270e-02,2.24,0.46
-1.269e-02,2.2,0.36
-1.267e-02,2.04,0.24
-1.266e-02,1.88,0.12
-1.264e-02,1.72,0.04
-1.262e-02,1.64,-0.06
-1.261e-02,1.48,-0.14
-1.259e-02,1.36,-0.22
-1.258e-02,1.36,-0.32
-1.256e-02,1.36,-0.42
-1.254e-02,1.44,-0.5
-1.253e-02,1.48,-0.6
-1.251e-02,1.6,-0.68
-1.250e-02,1.72,-0.8
-1.248e-02,1.84,-0.88
-1.246e-02,2,-0.98
-1.245e-02,2.12,-1.06
-1.243e-02,2.24,-1.16
-1.242e-02,2.24,-1.24
-1.240e-02,2.16,-1.34
-1.238e-02,2,-1.42
-1.237e-02,1.76,-1.46
-1.235e-02,1.4,-1.5
-1.234e-02,0.92,-1.52
-1.232e-02,0.4,-1.52
-1.230e-02,-0.08,-1.5
-1.229e-02,-0.52,-1.46
-1.227e-02,-0.84,-1.4
-1.226e-02,-1.08,-1.32
-1.224e-02,-1.08,-1.24
-1.222e-02,-0.92,-1.16
-1.221e-02,-0.64,-1.08
-1.219e-02,-0.24,-1.02
-1.218e-02,0.24,-0.96
-1.216e-02,0.68,-0.94
-1.214e-02,1.16,-0.92
-1.213e-02,1.52,-0.88
-1.211e-02,1.84,-0.88
-1.210e-02,2.08,-0.86
-1.208e-02,2.28,-0.84
-1.206e-02,2.36,-0.82
-1.205e-02,2.28,-0.8
-1.203e-02,2.16,-0.76
-1.202e-02,1.96,-0.72
-1.200e-02,1.76,-0.68
-1.198e-02,1.44,-0.62
-1.197e-02,1.12,-0.52
-1.195e-02,0.8,-0.42
-1.194e-02,0.52,-0.34
-1.192e-02,0.24,-0.24
-1.190e-02,-0.04,-0.14
-1.189e-02,-0.28,-0.02
-1.187e-02,-0.4,0.08
-1.186e-02,-0.52,0.2
-1.184e-02,-0.68,0.3
-1.182e-02,-0.68,0.4
-1.181e-02,-0.6,0.5
-1.179e-02,-0.56,0.56
-1.178e-02,-0.48,0.62
-1.176e-02,-0.28,0.68
-1.174e-02,-0.12,0.72
-1.173e-02,0.08,0.76
-1.171e-02,0.4,0.74
-1.170e-02,0.68,0.72
-1.168e-02,0.92,0.72
-1.166e-02,1.24,0.66
-1.165e-02,1.52,0.6
-1.163e-02,1.76,0.54
-1.162e-02,1.96,0.46
-1.160e-02,2.12,0.36
-1.158e-02,2.28,0.26
-1.157e-02,2.36,0.14
-1.155e-02,2.4,0.04
-1.154e-02,2.48,-0.08
-1.152e-02,2.48,-0.18
-1.150e-02,2.44,-0.28
-1.149e-02,2.44,-0.4
-1.147e-02,2.44,-0.52
-1.146e-02,2.4,-0.62
-1.144e-02,2.36,-0.74
-1.142e-02,2.36,-0.84
-1.141e-02,2.32,-0.92
-1.139e-02,2.2,-1.04
-1.138e-02,2,-1.12
-1.136e-02,1.8,-1.18
-1.134e-02,1.52,-1.26
-1.133e-02,1.16,-1.32
-1.131e-02,0.72,-1.36
-1.130e-02,0.24,-1.36
-1.128e-02,-0.2,-1.36
-1.126e-02,-0.6,-1.34
-1.125e-02,-0.92,-1.3
-1.123e-02,-1.12,-1.26
-1.122e-02,-1.2,-1.2
-1.120e-02,-1.08,-1.16
-1.118e-02,-0.84,-1.12
-1.117e-02,-0.52,-1.1
-1.115e-02,-0.08,-1.06
-1.114e-02,0.36,-1.06
-1.112e-02,0.84,-1.04
-1.110e-02,1.24,-1.06
-1.109e-02,1.64,-1.06
-1.107e-02,1.96,-1.08
-1.106e-02,2.16,-1.08
-1.104e-02,2.24,-1.1
-1.102e-02,2.2,-1.1
-1.101e-02,2.08,-1.08
-1.099e-02,1.84,-1.08
-1.098e-02,1.48,-1.02
-1.096e-02,1.08,-0.94
-1.094e-02,0.64,-0.88
-1.093e-02,0.24,-0.78
-1.091e-02,-0.2,-0.66
-1.090e-02,-0.6,-0.54
-1.088e-02,-0.88,-0.4
-1.086e-02,-1.12,-0.26
-1.085e-02,-1.32,-0.1
-1.083e-02,-1.44,0.02
-1.082e-02,-1.52,0.16
-1.080e-02,-1.56,0.3
-1.078e-02,-1.56,0.44
-1.077e-02,-1.56,0.56
-1.075e-02,-1.52,0.66
-1.074e-02,-1.48,0.76
-1.072e-02,-1.44,0.86
-1.070e-02,-1.36,0.94
-1.069e-02,-1.2,1
-1.067e-02,-1,1.06
-1.066e-02,-0.8,1.1
-1.064e-02,-0.44,1.12
-1.062e-02,-0.08,1.12
-1.061e-02,0.28,1.12
-1.059e-02,0.76,1.08
-1.058e-02,1.16,1.02
-1.056e-02,1.52,0.94
-1.054e-02,1.84,0.86
-1.053e-02,2.12,0.76
-1.051e-02,2.24,0.66
-1.050e-02,2.32,0.56
-1.048e-02,2.28,0.44
-1.046e-02,2.2,0.32
-1.045e-02,2.04,0.24
-1.043e-02,1.88,0.12
-1.042e-02,1.76,0.02
-1.040e-02,1.6,-0.06
-1.038e-02,1.44,-0.16
-1.037e-02,1.36,-0.24
-1.035e-02,1.36,-0.34
-1.034e-02,1.36,-0.42
-1.032e-02,1.4,-0.54
-1.030e-02,1.48,-0.62
-1.029e-02,1.6,-0.7
-1.027e-02,1.76,-0.8
-1.026e-02,1.84,-0.9
-1.024e-02,2,-0.98
-1.022e-02,2.12,-1.08
-1.021e-02,2.24,-1.18
-1.019e-02,2.2,-1.26
-1.018e-02,2.16,-1.36
-1.016e-02,2,-1.42
-1.014e-02,1.72,-1.48
-1.013e-02,1.32,-1.52
-1.011e-02,0.84,-1.52
-1.010e-02,0.32,-1.52
-1.008e-02,-0.16,-1.48
-1.006e-02,-0.56,-1.44
-1.005e-02,-0.92,-1.38
-1.003e-02,-1.08,-1.3
-1.002e-02,-1.08,-1.22
-1.000e-02,-0.88,-1.16
-9.984e-03,-0.56,-1.08
-9.968e-03,-0.16,-1.02
-9.952e-03,0.24,-0.96
-9.936e-03,0.72,-0.92
-9.920e-03,1.16,-0.9
-9.904e-03,1.56,-0.88
-9.888e-03,1.88,-0.86
-9.872e-03,2.12,-0.86
-9.856e-03,2.28,-0.84
-9.840e-03,2.32,-0.84
-9.824e-03,2.24,-0.8
-9.808e-03,2.2,-0.76
-9.792e-03,2,-0.74
-9.776e-03,1.68,-0.66
-9.760e-03,1.44,-0.6
-9.744e-03,1.08,-0.52
-9.728e-03,0.8,-0.42
-9.712e-03,0.48,-0.34
-9.696e-03,0.2,-0.22
-9.680e-03,-0.08,-0.12
-9.664e-03,-0.24,-0.02
-9.648e-03,-0.44,0.08
-9.632e-03,-0.6,0.2
-9.616e-03,-0.64,0.3
-9.600e-03,-0.64,0.4
-9.584e-03,-0.64,0.5
-9.568e-03,-0.6,0.56
-9.552e-03,-0.4,0.64
-9.536e-03,-0.28,0.68
-9.520e-03,-0.12,0.72
-9.504e-03,0.12,0.74
-9.488e-03,0.4,0.74
-9.472e-03,0.68,0.72
-9.456e-03,0.96,0.72
-9.440e-03,1.28,0.66
-9.424e-03,1.52,0.6
-9.408e-03,1.76,0.52
-9.392e-03,2,0.44
-9.376e-03,2.16,0.34
-9.360e-03,2.28,0.26
-9.344e-03,2.36,0.14
-9.328e-03,2.4,0.02
-9.312e-03,2.44,-0.08
-9.296e-03,2.44,-0.18
-9.280e-03,2.48,-0.3
-9.264e-03,2.48,-0.4
-9.248e-03,2.44,-0.52
-9.232e-03,2.4,-0.64
-9.216e-03,2.4,-0.74
-9.200e-03,2.4,-0.84
-9.184e-03,2.28,-0.94
-9.168e-03,2.16,-1.04
-9.152e-03,2,-1.12
-9.136e-03,1.76,-1.2
-9.120e-03,1.48,-1.26
-9.104e-03,1.04,-1.32
-9.088e-03,0.64,-1.34
-9.072e-03,0.2,-1.36
-9.056e-03,-0.24,-1.34
-9.040e-03,-0.64,-1.34
-9.024e-03,-0.96,-1.3
-9.008e-03,-1.12,-1.26
-8.992e-03,-1.16,-1.2
-8.976e-03,-1.04,-1.16
-8.960e-03,-0.8,-1.12
-8.944e-03,-0.48,-1.08
-8.928e-03,-0.04,-1.06
-8.912e-03,0.4,-1.04
-8.896e-03,0.88,-1.06
-8.880e-03,1.28,-1.04
-8.864e-03,1.68,-1.06
-8.848e-03,1.96,-1.08
-8.832e-03,2.16,-1.08
-8.816e-03,2.24,-1.1
-8.800e-03,2.2,-1.1
-8.784e-03,2.04,-1.08
-8.768e-03,1.8,-1.04
-8.752e-03,1.44,-1
-8.736e-03,1,-0.94
-8.720e-03,0.56,-0.86
-8.704e-03,0.16,-0.76
-8.688e-03,-0.24,-0.64
-8.672e-03,-0.6,-0.52
-8.656e-03,-0.92,-0.38
-8.640e-03,-1.16,-0.24
-8.624e-03,-1.32,-0.08
-8.608e-03,-1.48,0.04
-8.592e-03,-1.52,0.2
-8.576e-03,-1.56,0.32
-8.560e-03,-1.56,0.44
-8.544e-03,-1.56,0.56
-8.528e-03,-1.52,0.66
-8.512e-03,-1.48,0.78
-8.496e-03,-1.44,0.88
-8.480e-03,-1.32,0.94
-8.464e-03,-1.16,1.02
-8.448e-03,-1.04,1.08
-8.432e-03,-0.76,1.12
-8.416e-03,-0.4,1.12
-8.400e-03,-0.08,1.12
-8.384e-03,0.36,1.12
-8.368e-03,0.84,1.08
-8.352e-03,1.2,1.02
-8.336e-03,1.6,0.94
-8.320e-03,1.88,0.86
-8.304e-03,2.08,0.78
-8.288e-03,2.2,0.64
-8.272e-03,2.28,0.54
-8.256e-03,2.24,0.42
-8.240e-03,2.12,0.32
-8.224e-03,2,0.2
-8.208e-03,1.88,0.1
-8.192e-03,1.72,0
-8.176e-03,1.56,-0.08
-8.160e-03,1.48,-0.16
-8.144e-03,1.4,-0.26
-8.128e-03,1.36,-0.34
-8.112e-03,1.4,-0.42
-8.096e-03,1.4,-0.52
-8.080e-03,1.52,-0.62
-8.064e-03,1.6,-0.7
-8.048e-03,1.72,-0.82
-8.032e-03,1.88,-0.9
-8.016e-03,2.08,-1
-8.000e-03,2.2,-1.1
-7.984e-03,2.2,-1.18
-7.968e-03,2.2,-1.26
-7.952e-03,2.16,-1.36
-7.936e-03,1.96,-1.42
-7.920e-03,1.72,-1.48
-7.904e-03,1.24,-1.52
-7.888e-03,0.8,-1.52
-7.872e-03,0.28,-1.52
-7.856e-03,-0.16,-1.48
-7.840e-03,-0.6,-1.44
-7.824e-03,-0.92,-1.38
-7.808e-03,-1.08,-1.3
-7.792e-03,-1.04,-1.22
-7.776e-03,-0.84,-1.14
-7.760e-03,-0.52,-1.08
-7.744e-03,-0.12,-1
-7.728e-03,0.32,-0.96
-7.712e-03,0.8,-0.92
-7.696e-03,1.2,-0.9
-7.680e-03,1.6,-0.88
-7.664e-03,1.92,-0.86
-7.648e-03,2.16,-0.84
-7.632e-03,2.28,-0.84
-7.616e-03,2.32,-0.82
-7.600e-03,2.28,-0.78
-7.584e-03,2.12,-0.76
-7.568e-03,1.96,-0.7
-7.552e-03,1.68,-0.66
-7.536e-03,1.36,-0.6
-7.520e-03,1.08,-0.5
-7.504e-03,0.76,-0.42
-7.488e-03,0.4,-0.32
-7.472e-03,0.16,-0.2
-7.456e-03,-0.08,-0.1
-7.440e-03,-0.32,0
-7.424e-03,-0.48,0.12
-7.408e-03,-0.56,0.22
-7.392e-03,-0.6,0.32
-7.376e-03,-0.64,0.42
-7.360e-03,-0.64,0.52
-7.344e-03,-0.56,0.58
-7.328e-03,-0.44,0.64
-7.312e-03,-0.32,0.68
-7.296e-03,-0.08,0.72
-7.280e-03,0.16,0.76
-7.264e-03,0.4,0.74
-7.248e-03,0.72,0.74
-7.232e-03,1,0.68
-7.216e-03,1.28,0.66
-7.200e-03,1.56,0.58
-7.184e-03,1.8,0.52
-7.168e-03,2,0.44
-7.152e-03,2.16,0.36
-7.136e-03,2.28,0.24
-7.120e-03,2.4,0.12
-7.104e-03,2.4,0.02
-7.088e-03,2.44,-0.08
-7.072e-03,2.44,-0.22
-7.056e-03,2.44,-0.3
-7.040e-03,2.44,-0.44
-7.024e-03,2.4,-0.52
-7.008e-03,2.4,-0.66
-6.992e-03,2.4,-0.76
-6.976e-03,2.36,-0.88
-6.960e-03,2.24,-0.96
-6.944e-03,2.16,-1.04
-6.928e-03,2,-1.14
-6.912e-03,1.76,-1.2
-6.896e-03,1.4,-1.26
-6.880e-03,1.04,-1.32
-6.864e-03,0.6,-1.36
-6.848e-03,0.2,-1.36
-6.832e-03,-0.28,-1.36
-6.816e-03,-0.64,-1.34
-6.800e-03,-0.96,-1.3
-6.784e-03,-1.12,-1.26
-6.768e-03,-1.16,-1.2
-6.752e-03,-1.08,-1.16
-6.736e-03,-0.84,-1.12
-6.720e-03,-0.4,-1.08
-6.704e-03,-0.04,-1.06
-6.688e-03,0.44,-1.04
-6.672e-03,0.92,-1.04
-6.656e-03,1.36,-1.04
-6.640e-03,1.72,-1.06
-6.624e-03,2,-1.08
-6.608e-03,2.16,-1.1
-6.592e-03,2.24,-1.1
-6.576e-03,2.2,-1.1
-6.560e-03,2.04,-1.08
-6.544e-03,1.76,-1.04
-6.528e-03,1.36,-1
-6.512e-03,1,-0.94
-6.496e-03,0.56,-0.86
-6.480e-03,0.12,-0.74
-6.464e-03,-0.32,-0.64
-6.448e-03,-0.64,-0.5
-6.432e-03,-0.92,-0.36
-6.416e-03,-1.16,-0.24
-6.400e-03,-1.36,-0.1
-6.384e-03,-1.48,0.06
-6.368e-03,-1.48,0.2
-6.352e-03,-1.56,0.34
-6.336e-03,-1.56,0.46
-6.320e-03,-1.52,0.58
-6.304e-03,-1.52,0.68
-6.288e-03,-1.48,0.78
-6.272e-03,-1.44,0.88
-6.256e-03,-1.32,0.96
-6.240e-03,-1.2,1.02
-6.224e-03,-1,1.08
-6.208e-03,-0.68,1.12
-6.192e-03,-0.4,1.12
-6.176e-03,0,1.12
-6.160e-03,0.44,1.12
-6.144e-03,0.84,1.06
-6.128e-03,1.28,1
-6.112e-03,1.64,0.94
-6.096e-03,1.92,0.84
-6.080e-03,2.16,0.76
-6.064e-03,2.24,0.64
-6.048e-03,2.28,0.54
-6.032e-03,2.24,0.42
-6.016e-03,2.12,0.32
-6.000e-03,2.04,0.2
-5.984e-03,1.88,0.1
-5.968e-03,1.68,0.02
-5.952e-03,1.56,-0.08
-5.936e-03,1.48,-0.18
-5.920e-03,1.36,-0.26
-5.904e-03,1.36,-0.36
-5.888e-03,1.36,-0.44
-5.872e-03,1.44,-0.54
-5.856e-03,1.52,-0.62
-5.840e-03,1.6,-0.72
-5.824e-03,1.76,-0.82
-5.808e-03,1.92,-0.92
-5.792e-03,2.08,-1
-5.776e-03,2.2,-1.1
-5.760e-03,2.24,-1.2
-5.744e-03,2.28,-1.28
-5.728e-03,2.12,-1.36
-5.712e-03,1.92,-1.44
-5.696e-03,1.6,-1.48
-5.680e-03,1.2,-1.52
-5.664e-03,0.72,-1.52
-5.648e-03,0.24,-1.52
-5.632e-03,-0.28,-1.48
-5.616e-03,-0.68,-1.44
-5.600e-03,-0.96,-1.36
-5.584e-03,-1.04,-1.28
-5.568e-03,-1,-1.2
-5.552e-03,-0.84,-1.14
-5.536e-03,-0.48,-1.08
-5.520e-03,-0.04,-1
-5.504e-03,0.4,-0.96
-5.488e-03,0.84,-0.92
-5.472e-03,1.32,-0.9
-5.456e-03,1.68,-0.88
-5.440e-03,1.96,-0.86
-5.424e-03,2.2,-0.86
-5.408e-03,2.28,-0.84
-5.392e-03,2.32,-0.82
-5.376e-03,2.28,-0.8
-5.360e-03,2.08,-0.76
-5.344e-03,1.88,-0.7
-5.328e-03,1.64,-0.64
-5.312e-03,1.32,-0.58
-5.296e-03,1.04,-0.5
-5.280e-03,0.64,-0.4
-5.264e-03,0.36,-0.3
-5.248e-03,0.12,-0.2
-5.232e-03,-0.16,-0.08
-5.216e-03,-0.36,0.02
-5.200e-03,-0.52,0.12
-5.184e-03,-0.6,0.24
-5.168e-03,-0.68,0.36
-5.152e-03,-0.72,0.44
-5.136e-03,-0.64,0.54
-5.120e-03,-0.52,0.58
-5.104e-03,-0.48,0.64
-5.088e-03,-0.28,0.7
-5.072e-03,-0.04,0.74
-5.056e-03,0.16,0.76
-5.040e-03,0.48,0.74
-5.024e-03,0.72,0.74
-5.008e-03,1,0.7
-4.992e-03,1.32,0.66
-4.976e-03,1.64,0.58
-4.960e-03,1.84,0.5
-4.944e-03,2.04,0.42
-4.928e-03,2.16,0.32
-4.912e-03,2.32,0.22
-4.896e-03,2.4,0.12
-4.880e-03,2.4,0
-4.864e-03,2.44,-0.1
-4.848e-03,2.44,-0.2
-4.832e-03,2.44,-0.32
-4.816e-03,2.44,-0.42
-4.800e-03,2.44,-0.54
-4.784e-03,2.4,-0.66
-4.768e-03,2.36,-0.76
-4.752e-03,2.32,-0.86
-4.736e-03,2.28,-0.96
-4.720e-03,2.16,-1.06
-4.704e-03,1.96,-1.14
-4.688e-03,1.72,-1.22
-4.672e-03,1.36,-1.28
-4.656e-03,1.04,-1.34
-4.640e-03,0.6,-1.36
-4.624e-03,0.12,-1.36
-4.608e-03,-0.32,-1.36
-4.592e-03,-0.68,-1.34
-4.576e-03,-0.96,-1.3
-4.560e-03,-1.16,-1.24
-4.544e-03,-1.16,-1.2
-4.528e-03,-1.04,-1.16
-4.512e-03,-0.76,-1.12
-4.496e-03,-0.36,-1.1
-4.480e-03,0.04,-1.06
-4.464e-03,0.48,-1.04
-4.448e-03,0.92,-1.04
-4.432e-03,1.36,-1.06
-4.416e-03,1.72,-1.08
-4.400e-03,2,-1.08
-4.384e-03,2.16,-1.08
-4.368e-03,2.24,-1.1
-4.352e-03,2.2,-1.08
-4.336e-03,1.96,-1.08
-4.320e-03,1.68,-1.04
-4.304e-03,1.36,-1
-4.288e-03,0.96,-0.94
-4.272e-03,0.48,-0.84
-4.256e-03,0.04,-0.74
-4.240e-03,-0.32,-0.62
-4.224e-03,-0.68,-0.48
-4.208e-03,-0.96,-0.34
-4.192e-03,-1.24,-0.2
-4.176e-03,-1.36,-0.06
-4.160e-03,-1.44,0.08
-4.144e-03,-1.52,0.22
-4.128e-03,-1.56,0.34
-4.112e-03,-1.56,0.48
-4.096e-03,-1.52,0.58
-4.080e-03,-1.52,0.7
-4.064e-03,-1.48,0.8
-4.048e-03,-1.4,0.88
-4.032e-03,-1.32,0.96
-4.016e-03,-1.2,1.02
-4.000e-03,-0.92,1.08
-3.984e-03,-0.64,1.12
-3.968e-03,-0.36,1.12
-3.952e-03,0.04,1.12
-3.936e-03,0.48,1.1
-3.920e-03,0.88,1.08
-3.904e-03,1.28,1
-3.888e-03,1.68,0.92
-3.872e-03,1.96,0.84
-3.856e-03,2.12,0.74
-3.840e-03,2.28,0.62
-3.824e-03,2.28,0.52
-3.808e-03,2.2,0.4
-3.792e-03,2.12,0.28
-3.776e-03,2,0.18
-3.760e-03,1.84,0.08
-3.744e-03,1.64,0
-3.728e-03,1.6,-0.1
-3.712e-03,1.48,-0.18
-3.696e-03,1.36,-0.28
-3.680e-03,1.36,-0.36
-3.664e-03,1.4,-0.46
-3.648e-03,1.44,-0.54
-3.632e-03,1.52,-0.64
-3.616e-03,1.64,-0.72
-3.600e-03,1.8,-0.84
-3.584e-03,1.92,-0.92
-3.568e-03,2.04,-1.02
-3.552e-03,2.2,-1.1
-3.536e-03,2.24,-1.2
-3.520e-03,2.24,-1.3
-3.504e-03,2.08,-1.38
-3.488e-03,1.88,-1.44
-3.472e-03,1.6,-1.5
-3.456e-03,1.16,-1.52
-3.440e-03,0.72,-1.54
-3.424e-03,0.16,-1.52
-3.408e-03,-0.32,-1.48
-3.392e-03,-0.68,-1.42
-3.376e-03,-0.96,-1.36
-3.360e-03,-1.08,-1.28
-3.344e-03,-1,-1.2
-3.328e-03,-0.8,-1.12
-3.312e-03,-0.44,-1.06
-3.296e-03,-0.04,-1
-3.280e-03,0.4,-0.96
-3.264e-03,0.88,-0.94
-3.248e-03,1.32,-0.9
-3.232e-03,1.68,-0.88
-3.216e-03,2,-0.86
-3.200e-03,2.16,-0.86
-3.184e-03,2.32,-0.84
-3.168e-03,2.32,-0.82
-3.152e-03,2.24,-0.8
-3.136e-03,2.08,-0.76
-3.120e-03,1.88,-0.7
-3.104e-03,1.6,-0.64
-3.088e-03,1.32,-0.56
-3.072e-03,0.96,-0.5
-3.056e-03,0.64,-0.4
-3.040e-03,0.4,-0.3
-3.024e-03,0.08,-0.18
-3.008e-03,-0.12,-0.08
-2.992e-03,-0.32,0.04
-2.976e-03,-0.52,0.14
-2.960e-03,-0.56,0.24
-2.944e-03,-0.64,0.36
-2.928e-03,-0.68,0.44
-2.912e-03,-0.6,0.52
-2.896e-03,-0.56,0.58
-2.880e-03,-0.4,0.64
-2.864e-03,-0.2,0.7
-2.848e-03,0,0.72
-2.832e-03,0.2,0.74
-2.816e-03,0.48,0.74
-2.800e-03,0.8,0.72
-2.784e-03,1.04,0.7
-2.768e-03,1.36,0.64
-2.752e-03,1.64,0.56
-2.736e-03,1.84,0.5
-2.720e-03,2.04,0.4
-2.704e-03,2.24,0.32
-2.688e-03,2.32,0.2
-2.672e-03,2.4,0.12
-2.656e-03,2.44,0
-2.640e-03,2.48,-0.1
-2.624e-03,2.48,-0.22
-2.608e-03,2.4,-0.32
-2.592e-03,2.44,-0.46
-2.576e-03,2.44,-0.58
-2.560e-03,2.4,-0.66
-2.544e-03,2.36,-0.78
-2.528e-03,2.32,-0.88
-2.512e-03,2.28,-0.98
-2.496e-03,2.12,-1.06
-2.480e-03,1.92,-1.14
-2.464e-03,1.68,-1.22
-2.448e-03,1.36,-1.28
-2.432e-03,0.96,-1.32
-2.416e-03,0.48,-1.36
-2.400e-03,0.04,-1.36
-2.384e-03,-0.4,-1.36
-2.368e-03,-0.72,-1.32
-2.352e-03,-1,-1.28
-2.336e-03,-1.16,-1.24
-2.320e-03,-1.16,-1.2
-2.304e-03,-0.96,-1.16
-2.288e-03,-0.68,-1.12
-2.272e-03,-0.32,-1.08
-2.256e-03,0.04,-1.06
-2.240e-03,0.56,-1.06
-2.224e-03,1,-1.04
-2.208e-03,1.44,-1.06
-2.192e-03,1.76,-1.06
-2.176e-03,2.04,-1.08
-2.160e-03,2.2,-1.1
-2.144e-03,2.24,-1.1
-2.128e-03,2.16,-1.1
-2.112e-03,1.96,-1.08
-2.096e-03,1.68,-1.04
-2.080e-03,1.36,-0.98
-2.064e-03,0.92,-0.92
-2.048e-03,0.44,-0.84
-2.032e-03,0,-0.72
-2.016e-03,-0.36,-0.6
-2.000e-03,-0.68,-0.48
-1.984e-03,-1,-0.32
-1.968e-03,-1.2,-0.18
-1.952e-03,-1.36,-0.04
-1.936e-03,-1.48,0.08
-1.920e-03,-1.56,0.22
-1.904e-03,-1.56,0.36
-1.888e-03,-1.52,0.48
-1.872e-03,-1.52,0.6
-1.856e-03,-1.52,0.72
-1.840e-03,-1.48,0.8
-1.824e-03,-1.4,0.9
-1.808e-03,-1.32,0.96
-1.792e-03,-1.16,1.02
-1.776e-03,-0.92,1.08
-1.760e-03,-0.64,1.12
-1.744e-03,-0.28,1.12
-1.728e-03,0.08,1.12
-1.712e-03,0.48,1.1
-1.696e-03,0.96,1.06
-1.680e-03,1.36,1
-1.664e-03,1.68,0.92
-1.648e-03,2,0.82
-1.632e-03,2.16,0.72
-1.616e-03,2.28,0.62
-1.600e-03,2.28,0.5
-1.584e-03,2.2,0.38
-1.568e-03,2.12,0.28
-1.552e-03,1.96,0.18
-1.536e-03,1.8,0.08
-1.520e-03,1.68,-0.02
-1.504e-03,1.56,-0.1
-1.488e-03,1.44,-0.2
-1.472e-03,1.4,-0.28
-1.456e-03,1.36,-0.38
-1.440e-03,1.36,-0.46
-1.424e-03,1.44,-0.56
-1.408e-03,1.52,-0.64
-1.392e-03,1.68,-0.74
-1.376e-03,1.84,-0.84
-1.360e-03,1.92,-0.92
-1.344e-03,2.08,-1.02
-1.328e-03,2.2,-1.12
-1.312e-03,2.28,-1.22
-1.296e-03,2.2,-1.3
-1.280e-03,2.08,-1.38
-1.264e-03,1.84,-1.44
-1.248e-03,1.56,-1.5
-1.232e-03,1.12,-1.52
-1.216e-03,0.6,-1.54
-1.200e-03,0.12,-1.52
-1.184e-03,-0.36,-1.48
-1.168e-03,-0.72,-1.42
-1.152e-03,-0.96,-1.34
-1.136e-03,-1.08,-1.26
-1.120e-03,-1,-1.18
-1.104e-03,-0.76,-1.12
-1.088e-03,-0.36,-1.06
-1.072e-03,0,-1
-1.056e-03,0.48,-0.94
-1.040e-03,0.96,-0.92
-1.024e-03,1.36,-0.9
-1.008e-03,1.68,-0.88
-9.920e-04,2,-0.86
-9.760e-04,2.2,-0.84
-9.600e-04,2.28,-0.84
-9.440e-04,2.32,-0.82
-9.280e-04,2.24,-0.78
-9.120e-04,2.04,-0.74
-8.960e-04,1.88,-0.7
-8.800e-04,1.56,-0.64
-8.640e-04,1.28,-0.56
-8.480e-04,0.96,-0.5
-8.320e-04,0.64,-0.38
-8.160e-04,0.36,-0.28
-8.000e-04,0.04,-0.18
-7.840e-04,-0.2,-0.06
-7.680e-04,-0.32,0.04
-7.520e-04,-0.48,0.14
-7.360e-04,-0.6,0.26
-7.200e-04,-0.64,0.36
-7.040e-04,-0.64,0.44
-6.880e-04,-0.64,0.54
-6.720e-04,-0.52,0.6
-6.560e-04,-0.4,0.66
-6.400e-04,-0.2,0.7
-6.240e-04,-0.04,0.74
-6.080e-04,0.24,0.74
-5.920e-04,0.52,0.76
-5.760e-04,0.76,0.72
-5.600e-04,1.08,0.68
-5.440e-04,1.44,0.64
-5.280e-04,1.64,0.56
-5.120e-04,1.88,0.5
-4.960e-04,2.08,0.4
-4.800e-04,2.24,0.3
-4.640e-04,2.32,0.2
-4.480e-04,2.36,0.08
-4.320e-04,2.4,-0.02
-4.160e-04,2.44,-0.12
-4.000e-04,2.44,-0.24
-3.840e-04,2.44,-0.34
-3.680e-04,2.44,-0.46
-3.520e-04,2.44,-0.56
-3.360e-04,2.4,-0.68
-3.200e-04,2.36,-0.78
-3.040e-04,2.36,-0.9
-2.880e-04,2.28,-0.98
-2.720e-04,2.12,-1.08
-2.560e-04,1.88,-1.16
-2.400e-04,1.64,-1.22
-2.240e-04,1.32,-1.3
-2.080e-04,0.88,-1.32
-1.920e-04,0.44,-1.34
-1.760e-04,0,-1.36
-1.600e-04,-0.4,-1.36
-1.440e-04,-0.76,-1.32
-1.280e-04,-1.08,-1.28
-1.120e-04,-1.2,-1.24
-9.600e-05,-1.12,-1.18
-8.000e-05,-1,-1.14
-6.400e-05,-0.68,-1.1
-4.800e-05,-0.28,-1.08
-3.200e-05,0.12,-1.06
-1.600e-05,0.6,-1.04
2.440e-16,1.08,-1.04
1.600e-05,1.44,-1.06
3.200e-05,1.8,-1.06
4.800e-05,2.08,-1.08
6.400e-05,2.2,-1.08
8.000e-05,2.24,-1.1
9.600e-05,2.12,-1.08
1.120e-04,1.96,-1.06
1.280e-04,1.64,-1.04
1.440e-04,1.28,-0.98
1.600e-04,0.88,-0.92
1.760e-04,0.4,-0.82
1.920e-04,0,-0.7
2.080e-04,-0.4,-0.58
2.240e-04,-0.76,-0.44
2.400e-04,-1.04,-0.32
2.560e-04,-1.24,-0.18
2.720e-04,-1.4,-0.02
2.880e-04,-1.48,0.1
3.040e-04,-1.56,0.24
3.200e-04,-1.52,0.38
3.360e-04,-1.56,0.48
3.520e-04,-1.56,0.6
3.680e-04,-1.52,0.74
3.840e-04,-1.44,0.82
4.000e-04,-1.44,0.9
4.160e-04,-1.28,0.98
4.320e-04,-1.12,1.04
4.480e-04,-0.88,1.08
4.640e-04,-0.6,1.12
4.800e-04,-0.24,1.12
4.960e-04,0.12,1.12
5.120e-04,0.56,1.1
5.280e-04,0.96,1.06
5.440e-04,1.4,1
5.600e-04,1.72,0.9
5.760e-04,2,0.82
5.920e-04,2.2,0.72
6.080e-04,2.28,0.6
6.240e-04,2.28,0.5
6.400e-04,2.24,0.38
6.560e-04,2.08,0.26
6.720e-04,1.92,0.18
6.880e-04,1.8,0.06
7.040e-04,1.68,-0.02
7.200e-04,1.52,-0.12
7.360e-04,1.4,-0.22
7.520e-04,1.4,-0.32
7.680e-04,1.36,-0.38
7.840e-04,1.4,-0.46
8.000e-04,1.44,-0.56
8.160e-04,1.56,-0.66
8.320e-04,1.72,-0.76
8.480e-04,1.8,-0.86
8.640e-04,1.96,-0.94
8.800e-04,2.08,-1.04
8.960e-04,2.2,-1.12
9.120e-04,2.24,-1.22
9.280e-04,2.2,-1.3
9.440e-04,2.08,-1.38
9.600e-04,1.88,-1.46
9.760e-04,1.52,-1.5
9.920e-04,1.08,-1.52
1.008e-03,0.56,-1.52
1.024e-03,0.08,-1.52
1.040e-03,-0.4,-1.46
1.056e-03,-0.76,-1.4
1.072e-03,-1,-1.34
1.088e-03,-1.12,-1.26
1.104e-03,-0.96,-1.18
1.120e-03,-0.72,-1.1
1.136e-03,-0.36,-1.04
1.152e-03,0.04,-1
1.168e-03,0.52,-0.94
1.184e-03,0.96,-0.92
1.200e-03,1.4,-0.88
1.216e-03,1.72,-0.88
1.232e-03,2,-0.86
1.248e-03,2.24,-0.84
1.264e-03,2.32,-0.82
1.280e-03,2.28,-0.82
1.296e-03,2.2,-0.78
1.312e-03,2.04,-0.74
1.328e-03,1.84,-0.7
1.344e-03,1.52,-0.62
1.360e-03,1.2,-0.54
1.376e-03,0.92,-0.46
1.392e-03,0.64,-0.38
1.408e-03,0.32,-0.28
1.424e-03,0.04,-0.16
1.440e-03,-0.16,-0.06
1.456e-03,-0.36,0.04
1.472e-03,-0.52,0.16
1.488e-03,-0.6,0.26
1.504e-03,-0.6,0.38
1.520e-03,-0.64,0.46
1.536e-03,-0.6,0.54
1.552e-03,-0.52,0.6
1.568e-03,-0.36,0.66
1.584e-03,-0.24,0.7
1.600e-03,0.04,0.74
1.616e-03,0.32,0.74
1.632e-03,0.52,0.76
1.648e-03,0.84,0.72
1.664e-03,1.16,0.68
1.680e-03,1.4,0.62
1.696e-03,1.68,0.56
1.712e-03,1.88,0.48
1.728e-03,2.08,0.38
1.744e-03,2.2,0.3
1.760e-03,2.32,0.18
1.776e-03,2.44,0.08
1.792e-03,2.44,-0.04
1.808e-03,2.44,-0.12
1.824e-03,2.44,-0.24
1.840e-03,2.44,-0.36
1.856e-03,2.44,-0.48
1.872e-03,2.4,-0.58
1.888e-03,2.44,-0.68
1.904e-03,2.4,-0.8
1.920e-03,2.32,-0.9
1.936e-03,2.2,-1
1.952e-03,2.08,-1.1
1.968e-03,1.88,-1.16
1.984e-03,1.64,-1.26
2.000e-03,1.24,-1.3
2.016e-03,0.84,-1.34
2.032e-03,0.4,-1.36
2.048e-03,-0.04,-1.36
2.064e-03,-0.44,-1.34
2.080e-03,-0.84,-1.32
2.096e-03,-1.08,-1.28
2.112e-03,-1.16,-1.22
2.128e-03,-1.12,-1.18
2.144e-03,-0.92,-1.14
2.160e-03,-0.64,-1.1
2.176e-03,-0.24,-1.06
2.192e-03,0.2,-1.04
2.208e-03,0.68,-1.04
2.224e-03,1.08,-1.06
2.240e-03,1.52,-1.06
2.256e-03,1.84,-1.08
2.272e-03,2.08,-1.08
2.288e-03,2.2,-1.08
2.304e-03,2.2,-1.1
2.320e-03,2.12,-1.08
2.336e-03,1.92,-1.06
2.352e-03,1.6,-1.04
2.368e-03,1.2,-0.96
2.384e-03,0.8,-0.9
2.400e-03,0.36,-0.82
2.416e-03,-0.04,-0.7
2.432e-03,-0.44,-0.6
2.448e-03,-0.8,-0.44
2.464e-03,-1.04,-0.3
2.480e-03,-1.24,-0.16
2.496e-03,-1.4,-0.02
2.512e-03,-1.48,0.12
2.528e-03,-1.52,0.28
2.544e-03,-1.56,0.4
2.560e-03,-1.56,0.5
2.576e-03,-1.56,0.62
2.592e-03,-1.48,0.72
2.608e-03,-1.48,0.84
2.624e-03,-1.4,0.92
2.640e-03,-1.24,0.98
2.656e-03,-1.12,1.04
2.672e-03,-0.88,1.08
2.688e-03,-0.52,1.12
2.704e-03,-0.24,1.14
2.720e-03,0.16,1.12
2.736e-03,0.64,1.1
2.752e-03,1.04,1.04
2.768e-03,1.44,0.98
2.784e-03,1.76,0.9
2.800e-03,2.04,0.82
2.816e-03,2.24,0.7
2.832e-03,2.24,0.58
2.848e-03,2.28,0.48
2.864e-03,2.24,0.38
2.880e-03,2.04,0.26
2.896e-03,1.92,0.14
2.912e-03,1.8,0.04
2.928e-03,1.6,-0.06
2.944e-03,1.48,-0.12
2.960e-03,1.48,-0.22
2.976e-03,1.36,-0.32
2.992e-03,1.4,-0.42
3.008e-03,1.36,-0.48
3.024e-03,1.44,-0.58
3.040e-03,1.6,-0.66
3.056e-03,1.68,-0.76
3.072e-03,1.84,-0.86
3.088e-03,1.96,-0.96
3.104e-03,2.12,-1.06
3.120e-03,2.2,-1.14
3.136e-03,2.24,-1.24
3.152e-03,2.2,-1.32
3.168e-03,2.08,-1.4
3.184e-03,1.8,-1.46
3.200e-03,1.44,-1.5
3.216e-03,1,-1.52
3.232e-03,0.52,-1.52
3.248e-03,0.04,-1.5
3.264e-03,-0.44,-1.46
3.280e-03,-0.8,-1.4
3.296e-03,-1.04,-1.32
3.312e-03,-1.04,-1.26
3.328e-03,-0.92,-1.16
3.344e-03,-0.72,-1.1
3.360e-03,-0.32,-1.04
3.376e-03,0.12,-0.98
3.392e-03,0.56,-0.94
3.408e-03,1.04,-0.92
3.424e-03,1.44,-0.88
3.440e-03,1.76,-0.88
3.456e-03,2.04,-0.86
3.472e-03,2.24,-0.84
3.488e-03,2.28,-0.84
3.504e-03,2.28,-0.8
3.520e-03,2.2,-0.76
3.536e-03,2.04,-0.74
3.552e-03,1.76,-0.68
3.568e-03,1.48,-0.62
3.584e-03,1.2,-0.54
3.600e-03,0.88,-0.48
3.616e-03,0.6,-0.36
3.632e-03,0.28,-0.26
3.648e-03,0.04,-0.16
3.664e-03,-0.2,-0.04
3.680e-03,-0.4,0.08
3.696e-03,-0.52,0.16
3.712e-03,-0.64,0.28
3.728e-03,-0.64,0.4
3.744e-03,-0.68,0.46
3.760e-03,-0.6,0.54
3.776e-03,-0.48,0.62
3.792e-03,-0.36,0.68
3.808e-03,-0.16,0.7
3.824e-03,0.04,0.74
3.840e-03,0.28,0.76
3.856e-03,0.56,0.74
3.872e-03,0.88,0.7
3.888e-03,1.16,0.68
3.904e-03,1.44,0.62
3.920e-03,1.68,0.54
3.936e-03,1.92,0.46
3.952e-03,2.08,0.38
3.968e-03,2.24,0.28
3.984e-03,2.32,0.16
4.000e-03,2.4,0.06
4.016e-03,2.4,-0.02
4.032e-03,2.44,-0.16
4.048e-03,2.44,-0.26
4.064e-03,2.44,-0.36
4.080e-03,2.4,-0.5
4.096e-03,2.4,-0.6
4.112e-03,2.4,-0.7
4.128e-03,2.36,-0.82
4.144e-03,2.32,-0.9
4.160e-03,2.24,-1
4.176e-03,2.08,-1.1
4.192e-03,1.88,-1.18
4.208e-03,1.56,-1.24
4.224e-03,1.2,-1.3
4.240e-03,0.8,-1.34
4.256e-03,0.36,-1.36
4.272e-03,-0.08,-1.36
4.288e-03,-0.52,-1.34
4.304e-03,-0.88,-1.32
4.320e-03,-1.04,-1.26
4.336e-03,-1.16,-1.22
4.352e-03,-1.16,-1.18
4.368e-03,-0.92,-1.14
4.384e-03,-0.6,-1.1
4.400e-03,-0.16,-1.06
4.416e-03,0.28,-1.06
4.432e-03,0.72,-1.06
4.448e-03,1.16,-1.04
4.464e-03,1.56,-1.06
4.480e-03,1.88,-1.08
4.496e-03,2.08,-1.1
4.512e-03,2.2,-1.1
4.528e-03,2.2,-1.1
4.544e-03,2.12,-1.1
4.560e-03,1.88,-1.08
4.576e-03,1.6,-1.02
4.592e-03,1.16,-0.98
4.608e-03,0.76,-0.9
4.624e-03,0.32,-0.8
4.640e-03,-0.16,-0.68
4.656e-03,-0.48,-0.58
4.672e-03,-0.8,-0.42
4.688e-03,-1.08,-0.28
4.704e-03,-1.32,-0.14
4.720e-03,-1.4,0
4.736e-03,-1.48,0.14
4.752e-03,-1.52,0.28
4.768e-03,-1.56,0.4
4.784e-03,-1.6,0.52
4.800e-03,-1.52,0.64
4.816e-03,-1.52,0.74
4.832e-03,-1.48,0.84
4.848e-03,-1.36,0.92
4.864e-03,-1.24,0.98
4.880e-03,-1.12,1.04
4.896e-03,-0.84,1.1
4.912e-03,-0.52,1.12
4.928e-03,-0.16,1.12
4.944e-03,0.24,1.12
4.960e-03,0.68,1.08
4.976e-03,1.04,1.04
4.992e-03,1.48,0.96
5.008e-03,1.8,0.88
5.024e-03,2.08,0.78
5.040e-03,2.2,0.68
5.056e-03,2.28,0.58
5.072e-03,2.28,0.46
5.088e-03,2.2,0.36
5.104e-03,2.04,0.24
5.120e-03,1.96,0.14
5.136e-03,1.76,0.04
5.152e-03,1.6,-0.04
5.168e-03,1.48,-0.14
5.184e-03,1.44,-0.22
5.200e-03,1.36,-0.32
5.216e-03,1.36,-0.4
5.232e-03,1.4,-0.48
5.248e-03,1.52,-0.58
5.264e-03,1.56,-0.68
5.280e-03,1.68,-0.78
5.296e-03,1.84,-0.88
5.312e-03,2,-0.96
5.328e-03,2.16,-1.06
5.344e-03,2.2,-1.14
5.360e-03,2.24,-1.24
5.376e-03,2.2,-1.32
5.392e-03,2.04,-1.4
5.408e-03,1.76,-1.46
5.424e-03,1.4,-1.5
5.440e-03,0.96,-1.52
5.456e-03,0.48,-1.52
5.472e-03,0,-1.5
5.488e-03,-0.52,-1.46
5.504e-03,-0.84,-1.4
5.520e-03,-1,-1.32
5.536e-03,-1.04,-1.26
5.552e-03,-0.96,-1.16
5.568e-03,-0.64,-1.08
5.584e-03,-0.28,-1.02
5.600e-03,0.16,-0.98
5.616e-03,0.64,-0.94
5.632e-03,1.08,-0.9
5.648e-03,1.52,-0.88
5.664e-03,1.8,-0.88
5.680e-03,2.08,-0.86
5.696e-03,2.24,-0.84
5.712e-03,2.32,-0.82
5.728e-03,2.28,-0.8
5.744e-03,2.2,-0.76
5.760e-03,2,-0.72
5.776e-03,1.72,-0.68
5.792e-03,1.48,-0.62
5.808e-03,1.2,-0.52
5.824e-03,0.88,-0.46
5.840e-03,0.52,-0.36
5.856e-03,0.28,-0.24
5.872e-03,0,-0.14
5.888e-03,-0.2,-0.02
5.904e-03,-0.44,0.08
5.920e-03,-0.52,0.18
5.936e-03,-0.6,0.28
5.952e-03,-0.68,0.38
5.968e-03,-0.68,0.48
5.984e-03,-0.6,0.56
6.000e-03,-0.52,0.62
6.016e-03,-0.36,0.68
6.032e-03,-0.16,0.72
6.048e-03,0.04,0.74
6.064e-03,0.32,0.76
6.080e-03,0.64,0.72
6.096e-03,0.92,0.7
6.112e-03,1.2,0.66
6.128e-03,1.44,0.6
6.144e-03,1.76,0.54
6.160e-03,1.92,0.46
6.176e-03,2.12,0.38
6.192e-03,2.28,0.28
6.208e-03,2.36,0.16
6.224e-03,2.36,0.06
6.240e-03,2.44,-0.04
6.256e-03,2.44,-0.16
6.272e-03,2.48,-0.28
6.288e-03,2.44,-0.38
6.304e-03,2.4,-0.5
6.320e-03,2.44,-0.62
6.336e-03,2.4,-0.72
6.352e-03,2.36,-0.82
6.368e-03,2.32,-0.92
6.384e-03,2.2,-1.02
6.400e-03,2.08,-1.1
6.416e-03,1.84,-1.18
6.432e-03,1.56,-1.24
6.448e-03,1.16,-1.32
6.464e-03,0.76,-1.34
6.480e-03,0.32,-1.36
6.496e-03,-0.16,-1.36
6.512e-03,-0.56,-1.34
6.528e-03,-0.88,-1.3
6.544e-03,-1.08,-1.28
6.560e-03,-1.16,-1.22
6.576e-03,-1.16,-1.18
6.592e-03,-0.88,-1.12
6.608e-03,-0.56,-1.1
6.624e-03,-0.16,-1.06
6.640e-03,0.32,-1.04
6.656e-03,0.76,-1.04
6.672e-03,1.2,-1.06
6.688e-03,1.6,-1.06
6.704e-03,1.92,-1.08
6.720e-03,2.12,-1.08
6.736e-03,2.24,-1.1
6.752e-03,2.24,-1.1
6.768e-03,2.12,-1.1
6.784e-03,1.84,-1.06
6.800e-03,1.48,-1.04
6.816e-03,1.16,-0.96
6.832e-03,0.72,-0.88
6.848e-03,0.24,-0.78
6.864e-03,-0.16,-0.66
6.880e-03,-0.56,-0.54
6.896e-03,-0.84,-0.4
6.912e-03,-1.12,-0.26
6.928e-03,-1.32,-0.12
6.944e-03,-1.44,0
6.960e-03,-1.48,0.14
6.976e-03,-1.56,0.28
6.992e-03,-1.56,0.44
7.008e-03,-1.56,0.54
7.024e-03,-1.56,0.64
7.040e-03,-1.52,0.76
7.056e-03,-1.44,0.86
7.072e-03,-1.36,0.94
7.088e-03,-1.24,1
7.104e-03,-1.04,1.06
7.120e-03,-0.76,1.1
7.136e-03,-0.48,1.12
7.152e-03,-0.12,1.12
7.168e-03,0.28,1.12
7.184e-03,0.72,1.1
7.200e-03,1.12,1.02
7.216e-03,1.52,0.96
7.232e-03,1.84,0.88
7.248e-03,2.04,0.78
7.264e-03,2.24,0.68
7.280e-03,2.32,0.56
7.296e-03,2.24,0.46
7.312e-03,2.16,0.34
7.328e-03,2.04,0.26
7.344e-03,1.92,0.14
7.360e-03,1.72,0.02
7.376e-03,1.6,-0.06
7.392e-03,1.52,-0.16
7.408e-03,1.4,-0.26
7.424e-03,1.36,-0.34
7.440e-03,1.4,-0.4
7.456e-03,1.44,-0.5
7.472e-03,1.52,-0.6
7.488e-03,1.56,-0.7
7.504e-03,1.72,-0.78
7.520e-03,1.88,-0.88
7.536e-03,2,-0.98
7.552e-03,2.16,-1.08
7.568e-03,2.2,-1.18
7.584e-03,2.28,-1.26
7.600e-03,2.2,-1.34
7.616e-03,2,-1.42
7.632e-03,1.72,-1.48
7.648e-03,1.36,-1.52
7.664e-03,0.92,-1.52
7.680e-03,0.4,-1.52
7.696e-03,-0.12,-1.5
7.712e-03,-0.56,-1.46
7.728e-03,-0.88,-1.4
7.744e-03,-1.04,-1.32
7.760e-03,-1.08,-1.24
7.776e-03,-0.92,-1.16
7.792e-03,-0.6,-1.08
7.808e-03,-0.2,-1.02
7.824e-03,0.24,-0.96
7.840e-03,0.72,-0.94
7.856e-03,1.12,-0.9
7.872e-03,1.52,-0.88
7.888e-03,1.88,-0.88
7.904e-03,2.12,-0.86
7.920e-03,2.24,-0.84
7.936e-03,2.32,-0.84
7.952e-03,2.28,-0.8
7.968e-03,2.16,-0.76
7.984e-03,2,-0.72
8.000e-03,1.72,-0.68
8.016e-03,1.48,-0.6
8.032e-03,1.12,-0.52
8.048e-03,0.8,-0.44
8.064e-03,0.52,-0.34
8.080e-03,0.2,-0.24
8.096e-03,-0.04,-0.14
8.112e-03,-0.24,-0.02
8.128e-03,-0.4,0.1
8.144e-03,-0.52,0.2
8.160e-03,-0.64,0.3
8.176e-03,-0.64,0.4
8.192e-03,-0.64,0.48
8.208e-03,-0.6,0.58
8.224e-03,-0.48,0.62
8.240e-03,-0.32,0.68
8.256e-03,-0.12,0.7
8.272e-03,0.04,0.74
8.288e-03,0.4,0.76
8.304e-03,0.68,0.74
8.320e-03,0.96,0.7
8.336e-03,1.24,0.66
8.352e-03,1.52,0.6
8.368e-03,1.76,0.52
8.384e-03,1.96,0.44
8.400e-03,2.12,0.36
8.416e-03,2.28,0.26
8.432e-03,2.36,0.14
8.448e-03,2.4,0.04
8.464e-03,2.44,-0.08
8.480e-03,2.44,-0.18
8.496e-03,2.44,-0.28
8.512e-03,2.48,-0.4
8.528e-03,2.44,-0.5
8.544e-03,2.44,-0.64
8.560e-03,2.36,-0.72
8.576e-03,2.36,-0.84
8.592e-03,2.28,-0.94
8.608e-03,2.2,-1.02
8.624e-03,2,-1.12
8.640e-03,1.8,-1.2
8.656e-03,1.52,-1.26
8.672e-03,1.16,-1.32
8.688e-03,0.72,-1.36
8.704e-03,0.24,-1.36
8.720e-03,-0.16,-1.36
8.736e-03,-0.56,-1.34
8.752e-03,-0.88,-1.3
8.768e-03,-1.12,-1.26
8.784e-03,-1.2,-1.2
8.800e-03,-1.08,-1.16
8.816e-03,-0.84,-1.12
8.832e-03,-0.52,-1.1
8.848e-03,-0.12,-1.08
8.864e-03,0.32,-1.06
8.880e-03,0.8,-1.04
8.896e-03,1.24,-1.04
8.912e-03,1.64,-1.06
8.928e-03,1.92,-1.08
8.944e-03,2.16,-1.08
8.960e-03,2.24,-1.1
8.976e-03,2.2,-1.1
8.992e-03,2.04,-1.1
9.008e-03,1.76,-1.06
9.024e-03,1.52,-1.02
9.040e-03,1.08,-0.96
9.056e-03,0.64,-0.88
9.072e-03,0.2,-0.78
9.088e-03,-0.24,-0.66
9.104e-03,-0.56,-0.52
9.120e-03,-0.88,-0.4
9.136e-03,-1.16,-0.26
9.152e-03,-1.32,-0.1
9.168e-03,-1.44,0.02
9.184e-03,-1.52,0.16
9.200e-03,-1.56,0.3
9.216e-03,-1.56,0.44
9.232e-03,-1.56,0.56
9.248e-03,-1.52,0.68
9.264e-03,-1.52,0.76
9.280e-03,-1.44,0.86
9.296e-03,-1.36,0.94
9.312e-03,-1.24,1
9.328e-03,-1,1.06
9.344e-03,-0.8,1.1
9.360e-03,-0.48,1.12
9.376e-03,-0.04,1.12
9.392e-03,0.32,1.12
9.408e-03,0.76,1.08
9.424e-03,1.16,1.02
9.440e-03,1.56,0.96
9.456e-03,1.84,0.86
9.472e-03,2.08,0.78
9.488e-03,2.28,0.66
9.504e-03,2.28,0.54
9.520e-03,2.24,0.46
9.536e-03,2.16,0.34
9.552e-03,2.04,0.22
9.568e-03,1.88,0.12
9.584e-03,1.72,0.02
9.600e-03,1.6,-0.06
9.616e-03,1.52,-0.16
9.632e-03,1.4,-0.26
9.648e-03,1.4,-0.34
9.664e-03,1.36,-0.42
9.680e-03,1.44,-0.52
9.696e-03,1.52,-0.6
9.712e-03,1.6,-0.7
9.728e-03,1.72,-0.78
9.744e-03,1.92,-0.88
9.760e-03,2,-0.98
9.776e-03,2.12,-1.08
9.792e-03,2.24,-1.16
9.808e-03,2.24,-1.26
9.824e-03,2.16,-1.36
9.840e-03,1.96,-1.42
9.856e-03,1.68,-1.48
9.872e-03,1.36,-1.52
9.888e-03,0.84,-1.54
9.904e-03,0.32,-1.52
9.920e-03,-0.16,-1.48
9.936e-03,-0.6,-1.44
9.952e-03,-0.88,-1.38
9.968e-03,-1.04,-1.3
9.984e-03,-1.08,-1.22
1.000e-02,-0.88,-1.14
1.002e-02,-0.6,-1.08
1.003e-02,-0.16,-1.02
1.005e-02,0.24,-0.98
1.006e-02,0.72,-0.92
1.008e-02,1.16,-0.9
1.010e-02,1.56,-0.88
1.011e-02,1.88,-0.88
1.013e-02,2.16,-0.86
1.014e-02,2.28,-0.84
1.016e-02,2.32,-0.82
1.018e-02,2.28,-0.8
1.019e-02,2.08,-0.76
1.021e-02,2,-0.7
1.022e-02,1.68,-0.66
1.024e-02,1.4,-0.6
1.026e-02,1.08,-0.52
1.027e-02,0.76,-0.42
1.029e-02,0.48,-0.34
1.030e-02,0.2,-0.22
1.032e-02,-0.08,-0.12
1.034e-02,-0.24,0
1.035e-02,-0.44,0.1
1.037e-02,-0.6,0.2
1.038e-02,-0.68,0.32
1.040e-02,-0.64,0.4
1.042e-02,-0.64,0.5
1.043e-02,-0.56,0.56
1.045e-02,-0.44,0.64
1.046e-02,-0.28,0.68
1.048e-02,-0.12,0.72
1.050e-02,0.08,0.74
1.051e-02,0.4,0.74
1.053e-02,0.68,0.74
1.054e-02,0.96,0.72
1.056e-02,1.28,0.66
1.058e-02,1.52,0.6
1.059e-02,1.76,0.54
1.061e-02,1.96,0.46
1.062e-02,2.16,0.34
1.064e-02,2.28,0.24
1.066e-02,2.36,0.14
1.067e-02,2.4,0.02
1.069e-02,2.44,-0.06
1.070e-02,2.44,-0.18
1.072e-02,2.44,-0.3
1.074e-02,2.44,-0.4
1.075e-02,2.48,-0.52
1.077e-02,2.4,-0.64
1.078e-02,2.36,-0.74
1.080e-02,2.36,-0.84
1.082e-02,2.28,-0.94
1.083e-02,2.16,-1.04
1.085e-02,1.96,-1.12
1.086e-02,1.76,-1.2
1.088e-02,1.48,-1.26
1.090e-02,1.12,-1.32
1.091e-02,0.68,-1.34
1.093e-02,0.2,-1.36
1.094e-02,-0.24,-1.36
1.096e-02,-0.6,-1.34
1.098e-02,-0.92,-1.3
1.099e-02,-1.16,-1.26
1.101e-02,-1.16,-1.2
1.102e-02,-1.04,-1.18
1.104e-02,-0.8,-1.12
1.106e-02,-0.48,-1.1
1.107e-02,-0.08,-1.06
1.109e-02,0.4,-1.06
1.110e-02,0.88,-1.04
1.112e-02,1.28,-1.06
1.114e-02,1.64,-1.06
1.115e-02,1.96,-1.06
1.117e-02,2.16,-1.08
1.118e-02,2.24,-1.1
1.120e-02,2.2,-1.1
1.122e-02,2.04,-1.08
1.123e-02,1.8,-1.06
1.125e-02,1.44,-1.02
1.126e-02,1.04,-0.94
1.128e-02,0.6,-0.88
1.130e-02,0.16,-0.76
1.131e-02,-0.2,-0.66
1.133e-02,-0.6,-0.52
1.134e-02,-0.92,-0.38
1.136e-02,-1.16,-0.24
1.138e-02,-1.32,-0.08
1.139e-02,-1.44,0.04
1.141e-02,-1.52,0.18
1.142e-02,-1.56,0.32
1.144e-02,-1.56,0.44
1.146e-02,-1.56,0.56
1.147e-02,-1.52,0.68
1.149e-02,-1.48,0.76
1.150e-02,-1.44,0.86
1.152e-02,-1.36,0.94
1.154e-02,-1.2,1
1.155e-02,-1,1.06
1.157e-02,-0.76,1.12
1.158e-02,-0.4,1.12
1.160e-02,-0.04,1.12
1.162e-02,0.36,1.12
1.163e-02,0.8,1.08
1.165e-02,1.24,1.02
1.166e-02,1.56,0.94
1.168e-02,1.88,0.86
1.170e-02,2.12,0.74
1.171e-02,2.24,0.64
1.173e-02,2.28,0.54
1.174e-02,2.24,0.42
1.176e-02,2.2,0.34
1.178e-02,2,0.22
1.179e-02,1.84,0.1
1.181e-02,1.76,0
1.182e-02,1.56,-0.08
1.184e-02,1.44,-0.16
1.186e-02,1.4,-0.26
1.187e-02,1.36,-0.34
1.189e-02,1.4,-0.44
1.190e-02,1.4,-0.52
1.192e-02,1.48,-0.62
1.194e-02,1.6,-0.72
1.195e-02,1.76,-0.8
1.197e-02,1.88,-0.9
1.198e-02,2.04,-1
1.200e-02,2.16,-1.08
1.202e-02,2.2,-1.18
1.203e-02,2.24,-1.26
1.205e-02,2.12,-1.36
1.206e-02,1.96,-1.42
1.208e-02,1.72,-1.48
1.210e-02,1.28,-1.52
1.211e-02,0.76,-1.52
1.213e-02,0.28,-1.52
1.214e-02,-0.2,-1.48
1.216e-02,-0.64,-1.44
1.218e-02,-0.96,-1.38
1.219e-02,-1.08,-1.32
1.221e-02,-1.04,-1.22
1.222e-02,-0.84,-1.14
1.224e-02,-0.52,-1.06
1.226e-02,-0.16,-1
1.227e-02,0.28,-0.96
1.229e-02,0.8,-0.94
1.230e-02,1.2,-0.9
1.232e-02,1.64,-0.88
1.234e-02,1.88,-0.86
1.235e-02,2.16,-0.86
1.237e-02,2.28,-0.84
1.238e-02,2.32,-0.82
1.240e-02,2.24,-0.8
1.242e-02,2.16,-0.76
1.243e-02,1.92,-0.72
1.245e-02,1.64,-0.66
1.246e-02,1.36,-0.58
1.248e-02,1.04,-0.52
1.250e-02,0.76,-0.42
1.251e-02,0.44,-0.32
1.253e-02,0.12,-0.2
1.254e-02,-0.08,-0.1
1.256e-02,-0.32,0
1.258e-02,-0.48,0.12
1.259e-02,-0.6,0.22
1.261e-02,-0.64,0.32
1.262e-02,-0.64,0.44
1.264e-02,-0.64,0.5
1.266e-02,-0.6,0.58
1.267e-02,-0.4,0.64
1.269e-02,-0.32,0.7
1.270e-02,-0.08,0.72
1.272e-02,0.16,0.74
1.274e-02,0.4,0.74
1.275e-02,0.68,0.72
1.277e-02,1,0.7
1.278e-02,1.32,0.64
1.280e-02,1.56,0.58
1.282e-02,1.8,0.52
1.283e-02,2,0.44
1.285e-02,2.2,0.34
1.286e-02,2.28,0.22
1.288e-02,2.36,0.12
1.290e-02,2.44,0.02
1.291e-02,2.48,-0.08
1.293e-02,2.48,-0.2
1.294e-02,2.48,-0.3
1.296e-02,2.44,-0.42
1.298e-02,2.44,-0.54
1.299e-02,2.4,-0.64
1.301e-02,2.4,-0.76
1.302e-02,2.36,-0.86
1.304e-02,2.24,-0.96
1.306e-02,2.12,-1.04
1.307e-02,2,-1.12
1.309e-02,1.8,-1.2
1.310e-02,1.48,-1.26
1.312e-02,1.04,-1.32
1.314e-02,0.6,-1.36
1.315e-02,0.2,-1.36
1.317e-02,-0.28,-1.36
1.318e-02,-0.68,-1.34
1.320e-02,-1,-1.3
1.322e-02,-1.16,-1.28
1.323e-02,-1.16,-1.2
1.325e-02,-1.04,-1.16
1.326e-02,-0.8,-1.12
1.328e-02,-0.44,-1.1
1.330e-02,0,-1.06
1.331e-02,0.48,-1.04
1.333e-02,0.92,-1.06
1.334e-02,1.32,-1.06
1.336e-02,1.68,-1.06
1.338e-02,2,-1.08
1.339e-02,2.16,-1.1
1.341e-02,2.24,-1.1
1.342e-02,2.16,-1.1
1.344e-02,2.04,-1.1
1.346e-02,1.76,-1.06
1.347e-02,1.36,-1
1.349e-02,0.96,-0.96
1.350e-02,0.56,-0.86
1.352e-02,0.12,-0.74
1.354e-02,-0.28,-0.64
1.355e-02,-0.68,-0.5
1.357e-02,-0.96,-0.36
1.358e-02,-1.16,-0.22
1.360e-02,-1.36,-0.08
1.362e-02,-1.48,0.06
1.363e-02,-1.52,0.2
1.365e-02,-1.56,0.34
1.366e-02,-1.56,0.46
1.368e-02,-1.56,0.58
1.370e-02,-1.52,0.68
1.371e-02,-1.48,0.78
1.373e-02,-1.48,0.88
1.374e-02,-1.32,0.96
1.376e-02,-1.16,1.02
1.378e-02,-1.04,1.08
1.379e-02,-0.72,1.1
1.381e-02,-0.36,1.12
1.382e-02,0,1.12
1.384e-02,0.4,1.12
1.386e-02,0.84,1.06
1.387e-02,1.24,1
1.389e-02,1.64,0.94
1.390e-02,1.92,0.84
1.392e-02,2.12,0.76
1.394e-02,2.24,0.64
1.395e-02,2.28,0.52
1.397e-02,2.24,0.42
1.398e-02,2.12,0.3
1.400e-02,2,0.2
1.402e-02,1.88,0.12
1.403e-02,1.72,0
1.405e-02,1.6,-0.08
1.406e-02,1.48,-0.18
1.408e-02,1.4,-0.26
1.410e-02,1.32,-0.36
1.411e-02,1.36,-0.46
1.413e-02,1.4,-0.54
1.414e-02,1.52,-0.62
1.416e-02,1.64,-0.72
1.418e-02,1.72,-0.82
1.419e-02,1.96,-0.92
1.421e-02,2.04,-1
1.422e-02,2.16,-1.1
1.424e-02,2.2,-1.18
1.426e-02,2.2,-1.28
1.427e-02,2.12,-1.36
1.429e-02,1.92,-1.44
1.430e-02,1.64,-1.48
1.432e-02,1.2,-1.52
1.434e-02,0.72,-1.54
1.435e-02,0.24,-1.52
1.437e-02,-0.24,-1.48
1.438e-02,-0.68,-1.44
1.440e-02,-0.96,-1.36
1.442e-02,-1.08,-1.28
1.443e-02,-1,-1.2
1.445e-02,-0.8,-1.14
1.446e-02,-0.52,-1.06
1.448e-02,-0.08,-1
1.450e-02,0.36,-0.96
1.451e-02,0.84,-0.92
1.453e-02,1.24,-0.9
1.454e-02,1.64,-0.9
1.456e-02,1.96,-0.86
1.458e-02,2.16,-0.84
1.459e-02,2.28,-0.84
1.461e-02,2.32,-0.82
1.462e-02,2.28,-0.78
1.464e-02,2.12,-0.76
1.466e-02,1.88,-0.72
1.467e-02,1.6,-0.66
1.469e-02,1.32,-0.58
1.470e-02,1.04,-0.5
1.472e-02,0.68,-0.4
1.474e-02,0.4,-0.3
1.475e-02,0.08,-0.22
1.477e-02,-0.12,-0.08
1.478e-02,-0.32,0.02
1.480e-02,-0.52,0.14
1.482e-02,-0.56,0.24
1.483e-02,-0.64,0.34
1.485e-02,-0.68,0.42
1.486e-02,-0.64,0.52
1.488e-02,-0.56,0.58
1.490e-02,-0.4,0.64
1.491e-02,-0.28,0.7
1.493e-02,-0.04,0.74
1.494e-02,0.2,0.74
1.496e-02,0.44,0.76
1.498e-02,0.76,0.72
1.499e-02,1.04,0.7
1.501e-02,1.32,0.64
1.502e-02,1.56,0.58
1.504e-02,1.84,0.5
1.506e-02,2,0.42
1.507e-02,2.2,0.32
1.509e-02,2.32,0.24
1.510e-02,2.4,0.1
1.512e-02,2.4,0
1.514e-02,2.44,-0.1
1.515e-02,2.44,-0.2
1.517e-02,2.44,-0.32
1.518e-02,2.44,-0.42
1.520e-02,2.44,-0.54
1.522e-02,2.44,-0.66
1.523e-02,2.44,-0.76
1.525e-02,2.36,-0.86
1.526e-02,2.24,-0.98
1.528e-02,2.12,-1.06
1.530e-02,1.96,-1.14
1.531e-02,1.72,-1.22
1.533e-02,1.4,-1.28
1.534e-02,1,-1.32
1.536e-02,0.56,-1.36
1.538e-02,0.12,-1.36
1.539e-02,-0.32,-1.36
1.541e-02,-0.72,-1.34
1.542e-02,-1,-1.3
1.544e-02,-1.16,-1.26
1.546e-02,-1.16,-1.2
1.547e-02,-1.04,-1.16
1.549e-02,-0.8,-1.12
1.550e-02,-0.36,-1.08
1.552e-02,0.04,-1.06
1.554e-02,0.52,-1.04
1.555e-02,0.96,-1.04
1.557e-02,1.4,-1.04
1.558e-02,1.76,-1.06
1.560e-02,2,-1.08
1.562e-02,2.16,-1.08
1.563e-02,2.24,-1.1
1.565e-02,2.2,-1.1
1.566e-02,2,-1.08
1.568e-02,1.68,-1.04
1.570e-02,1.32,-0.98
1.571e-02,0.92,-0.92
1.573e-02,0.48,-0.84
1.574e-02,0.04,-0.74
1.576e-02,-0.32,-0.62
1.578e-02,-0.72,-0.48
1.579e-02,-1,-0.34
1.581e-02,-1.2,-0.22
1.582e-02,-1.4,-0.06
1.584e-02,-1.48,0.06
1.586e-02,-1.52,0.22
1.587e-02,-1.56,0.34
1.589e-02,-1.56,0.48
1.590e-02,-1.56,0.58
1.592e-02,-1.56,0.7
1.594e-02,-1.48,0.8
1.595e-02,-1.44,0.88
1.597e-02,-1.28,0.98
1.598e-02,-1.2,1.02

